[
{
    "model": "sessions.session",
    "pk": "2blaynze5xyk074faf02pg1l164kwktw",
    "fields": {
        "session_data": "MzhmODBlZTAxNzY4YzYyY2ZlMDRmMDFjYmE0NTc4MTIzMmI2MTUwNjp7Il9hdXRoX3VzZXJfaGFzaCI6IjE3MGMyYzA0NDcyYWU5NmFjNjM1ZWQxMzhhMjBmZTJlZTA5NTY2NDkiLCJfYXV0aF91c2VyX2JhY2tlbmQiOiJhY2NvdW50cy5iYWNrZW5kcy5FbWFpbEF1dGgiLCJfYXV0aF91c2VyX2lkIjoiMSJ9",
        "expire_date": "2017-10-07T11:58:25.204Z"
    }
},
{
    "model": "sessions.session",
    "pk": "ekyn0qqznf1njdl1u1cuw1bg0nf7vgtd",
    "fields": {
        "session_data": "MzhmODBlZTAxNzY4YzYyY2ZlMDRmMDFjYmE0NTc4MTIzMmI2MTUwNjp7Il9hdXRoX3VzZXJfaGFzaCI6IjE3MGMyYzA0NDcyYWU5NmFjNjM1ZWQxMzhhMjBmZTJlZTA5NTY2NDkiLCJfYXV0aF91c2VyX2JhY2tlbmQiOiJhY2NvdW50cy5iYWNrZW5kcy5FbWFpbEF1dGgiLCJfYXV0aF91c2VyX2lkIjoiMSJ9",
        "expire_date": "2017-10-11T08:28:21.880Z"
    }
},
{
    "model": "sessions.session",
    "pk": "ojov5xhz4wlizm5amshzkojhq21gdnjj",
    "fields": {
        "session_data": "YWZlYjU0YjcyY2E5YmEzMGU0MDViMzcwYjUxMDI4NGYwZmQ0ZTNhNDp7Il9hdXRoX3VzZXJfaGFzaCI6IjE3MGMyYzA0NDcyYWU5NmFjNjM1ZWQxMzhhMjBmZTJlZTA5NTY2NDkiLCJfYXV0aF91c2VyX2JhY2tlbmQiOiJkamFuZ28uY29udHJpYi5hdXRoLmJhY2tlbmRzLk1vZGVsQmFja2VuZCIsIl9hdXRoX3VzZXJfaWQiOiIxIn0=",
        "expire_date": "2017-09-15T00:03:16.302Z"
    }
},
{
    "model": "sessions.session",
    "pk": "s6pv7pcku5dgd6z8ktsduezl19hz7y92",
    "fields": {
        "session_data": "MzhmODBlZTAxNzY4YzYyY2ZlMDRmMDFjYmE0NTc4MTIzMmI2MTUwNjp7Il9hdXRoX3VzZXJfaGFzaCI6IjE3MGMyYzA0NDcyYWU5NmFjNjM1ZWQxMzhhMjBmZTJlZTA5NTY2NDkiLCJfYXV0aF91c2VyX2JhY2tlbmQiOiJhY2NvdW50cy5iYWNrZW5kcy5FbWFpbEF1dGgiLCJfYXV0aF91c2VyX2lkIjoiMSJ9",
        "expire_date": "2017-09-16T11:49:29.406Z"
    }
},
{
    "model": "sessions.session",
    "pk": "tpibwm6a6p3dnhur0fu1qqm959iijpim",
    "fields": {
        "session_data": "MzhmODBlZTAxNzY4YzYyY2ZlMDRmMDFjYmE0NTc4MTIzMmI2MTUwNjp7Il9hdXRoX3VzZXJfaGFzaCI6IjE3MGMyYzA0NDcyYWU5NmFjNjM1ZWQxMzhhMjBmZTJlZTA5NTY2NDkiLCJfYXV0aF91c2VyX2JhY2tlbmQiOiJhY2NvdW50cy5iYWNrZW5kcy5FbWFpbEF1dGgiLCJfYXV0aF91c2VyX2lkIjoiMSJ9",
        "expire_date": "2017-09-26T10:23:24.167Z"
    }
},
{
    "model": "sites.site",
    "pk": 5,
    "fields": {
        "domain": "localhost:8000",
        "name": "localhost:8000"
    }
},
{
    "model": "flatpages.flatpage",
    "pk": 1,
    "fields": {
        "url": "/pages/about/",
        "title": "About Me",
        "content": "I am 33, a student in full stack web development, this is made with Django flatpages, blah blah blah blah blah blah blah blah blah blah blah blah blah blah blah blah blah blah blah blah blah blah blah blah blah blah blah blah blah blah blah blah blah blah blah blah blah blah blah blah blah blah blah blah blah blah blah blah blah blah blah blah blah blah blah blah blah blah blah blah blah blah blah blah blah blah blah blah blah blah blah blah blah blah blah blah blah blah blah blah blah blah blah blah blah blah blah blah blah blah blah blah blah blah blah blah blah blah blah blah blah blah blah blah blah blah blah blah blah blah blah blah blah blah blah blah blah blah blah blah blah blah blah blah blah blah blah blah blah blah blah blah blah blah blah blah blah blah blah blah blah blah blah blah blah blah blah blah blah blah blah blah blah blah blah blah blah blah blah blah blah blah blah blah blah blah blah blah blah blah blah blah blah blah blah blah blah blah blah blah blah blah blah blah blah blah blah blah blah blah blah blah blah blah blah blah blah blah blah blah blah blah blah blah blah blah blah blah blah blah blah blah blah blah blah blah blah blah blah blah blah blah blah blah blah blah blah blah blah blah blah blah blah blah blah blah blah blah blah blah blah blah blah blah blah blah blah blah blah blah blah blah blah blah blah blah blah blah blah blah blah blah blah blah blah blah blah blah blah blah blah blah blah blah blah blah blah blah blah blah blah blah blah blah blah blah blah blah blah blah blah blah blah blah blah blah blah blah blah blah blah blah blah blah blah blah blah blah blah blah blah blah blah blah blah blah blah blah blah blah blah blah blah blah blah blah blah blah blah blah blah blah blah blah blah blah blah blah blah blah blah blah blah blah blah",
        "enable_comments": false,
        "template_name": "",
        "registration_required": false,
        "sites": [
            [
                "localhost:8000"
            ]
        ]
    }
},
{
    "model": "ipn.paypalipn",
    "pk": 1,
    "fields": {
        "business": "gunnerjnr-business@live.co.uk",
        "charset": "windows-1252",
        "custom": "1-1",
        "notify_version": "3.80",
        "parent_txn_id": "",
        "receiver_email": "gunnerjnr-business@live.co.uk",
        "receiver_id": "R3UV62X6PBE7A",
        "residence_country": "GB",
        "test_ipn": true,
        "txn_id": "3UG68561KV925743M",
        "txn_type": "subscr_payment",
        "verify_sign": "AIuok.v1Tlerzwb6C4jIMG.mSlx0ACkHsqLd-OoaoAr51YpVjq8BeLc3",
        "address_country": "",
        "address_city": "",
        "address_country_code": "",
        "address_name": "",
        "address_state": "",
        "address_status": "",
        "address_street": "",
        "address_zip": "",
        "contact_phone": "",
        "first_name": "David",
        "last_name": "Gunner",
        "payer_business_name": "",
        "payer_email": "gunnerjnr@live.co.uk",
        "payer_id": "RFW3UDDQXWSHL",
        "auth_amount": "0.00",
        "auth_exp": "",
        "auth_id": "",
        "auth_status": "",
        "exchange_rate": "0E-16",
        "invoice": "c412b330-421f-468c-a25f-980bc91c9e77",
        "item_name": "Mens Health",
        "item_number": "",
        "mc_currency": "USD",
        "mc_fee": "0.00",
        "mc_gross": "4.99",
        "mc_handling": "0.00",
        "mc_shipping": "0.00",
        "memo": "",
        "num_cart_items": 0,
        "option_name1": "",
        "option_name2": "",
        "option_selection1": "",
        "option_selection2": "",
        "payer_status": "verified",
        "payment_date": "2017-09-02T11:50:05Z",
        "payment_gross": "4.99",
        "payment_status": "Pending",
        "payment_type": "instant",
        "pending_reason": "multi_currency",
        "protection_eligibility": "Ineligible",
        "quantity": 1,
        "reason_code": "",
        "remaining_settle": "0.00",
        "settle_amount": "0.00",
        "settle_currency": "",
        "shipping": "0.00",
        "shipping_method": "",
        "tax": "0.00",
        "transaction_entity": "",
        "auction_buyer_id": "",
        "auction_closing_date": null,
        "auction_multi_item": 0,
        "for_auction": "0.00",
        "amount": "0.00",
        "amount_per_cycle": "0.00",
        "initial_payment_amount": "0.00",
        "next_payment_date": null,
        "outstanding_balance": "0.00",
        "payment_cycle": "",
        "period_type": "",
        "product_name": "",
        "product_type": "",
        "profile_status": "",
        "recurring_payment_id": "",
        "rp_invoice_id": "",
        "time_created": null,
        "amount1": "0.00",
        "amount2": "0.00",
        "amount3": "0.00",
        "mc_amount1": "0.00",
        "mc_amount2": "0.00",
        "mc_amount3": "0.00",
        "password": "",
        "period1": "",
        "period2": "",
        "period3": "",
        "reattempt": "",
        "recur_times": 0,
        "recurring": "",
        "retry_at": null,
        "subscr_date": null,
        "subscr_effective": null,
        "subscr_id": "I-HRY8JJKGJ9M7",
        "username": "",
        "mp_id": null,
        "case_creation_date": null,
        "case_id": "",
        "case_type": "",
        "receipt_id": "",
        "currency_code": "USD",
        "handling_amount": "0.00",
        "transaction_subject": "Mens Health",
        "ipaddress": "127.0.0.1",
        "flag": false,
        "flag_code": "",
        "flag_info": "",
        "query": "transaction_subject=Mens+Health&txn_type=subscr_payment&payment_date=04%3A50%3A05+Sep+02%2C+2017+PDT&subscr_id=I-HRY8JJKGJ9M7&last_name=Gunner&residence_country=GB&pending_reason=multi_currency&item_name=Mens+Health&payment_gross=4.99&mc_currency=USD&business=gunnerjnr-business%40live.co.uk&payment_type=instant&protection_eligibility=Ineligible&verify_sign=AIuok.v1Tlerzwb6C4jIMG.mSlx0ACkHsqLd-OoaoAr51YpVjq8BeLc3&payer_status=verified&test_ipn=1&payer_email=gunnerjnr%40live.co.uk&txn_id=3UG68561KV925743M&receiver_email=gunnerjnr-business%40live.co.uk&first_name=David&invoice=c412b330-421f-468c-a25f-980bc91c9e77&payer_id=RFW3UDDQXWSHL&receiver_id=R3UV62X6PBE7A&payment_status=Pending&mc_gross=4.99&custom=1-1&charset=windows-1252&notify_version=3.8&ipn_track_id=429f45ce796ba",
        "response": "VERIFIED",
        "created_at": "2017-09-02T11:51:12.053Z",
        "updated_at": "2017-09-02T11:51:12.474Z",
        "from_view": null
    }
},
{
    "model": "ipn.paypalipn",
    "pk": 2,
    "fields": {
        "business": "gunnerjnr-business@live.co.uk",
        "charset": "windows-1252",
        "custom": "1-1",
        "notify_version": "3.80",
        "parent_txn_id": "",
        "receiver_email": "gunnerjnr-business@live.co.uk",
        "receiver_id": "",
        "residence_country": "GB",
        "test_ipn": true,
        "txn_id": "",
        "txn_type": "subscr_signup",
        "verify_sign": "A0asK6oiIZmtBFrRCq-Iiqf8lrk.AkhmxOtawDewc8bkEf9kzoS4XXqf",
        "address_country": "",
        "address_city": "",
        "address_country_code": "",
        "address_name": "",
        "address_state": "",
        "address_status": "",
        "address_street": "",
        "address_zip": "",
        "contact_phone": "",
        "first_name": "David",
        "last_name": "Gunner",
        "payer_business_name": "",
        "payer_email": "gunnerjnr@live.co.uk",
        "payer_id": "RFW3UDDQXWSHL",
        "auth_amount": "0.00",
        "auth_exp": "",
        "auth_id": "",
        "auth_status": "",
        "exchange_rate": "0E-16",
        "invoice": "c412b330-421f-468c-a25f-980bc91c9e77",
        "item_name": "Mens Health",
        "item_number": "",
        "mc_currency": "USD",
        "mc_fee": "0.00",
        "mc_gross": "0.00",
        "mc_handling": "0.00",
        "mc_shipping": "0.00",
        "memo": "",
        "num_cart_items": 0,
        "option_name1": "",
        "option_name2": "",
        "option_selection1": "",
        "option_selection2": "",
        "payer_status": "verified",
        "payment_date": null,
        "payment_gross": "0.00",
        "payment_status": "",
        "payment_type": "",
        "pending_reason": "",
        "protection_eligibility": "",
        "quantity": 1,
        "reason_code": "",
        "remaining_settle": "0.00",
        "settle_amount": "0.00",
        "settle_currency": "",
        "shipping": "0.00",
        "shipping_method": "",
        "tax": "0.00",
        "transaction_entity": "",
        "auction_buyer_id": "",
        "auction_closing_date": null,
        "auction_multi_item": 0,
        "for_auction": "0.00",
        "amount": "0.00",
        "amount_per_cycle": "0.00",
        "initial_payment_amount": "0.00",
        "next_payment_date": null,
        "outstanding_balance": "0.00",
        "payment_cycle": "",
        "period_type": "",
        "product_name": "",
        "product_type": "",
        "profile_status": "",
        "recurring_payment_id": "",
        "rp_invoice_id": "",
        "time_created": null,
        "amount1": "0.00",
        "amount2": "0.00",
        "amount3": "4.99",
        "mc_amount1": "0.00",
        "mc_amount2": "0.00",
        "mc_amount3": "4.99",
        "password": "",
        "period1": "",
        "period2": "",
        "period3": "1 M",
        "reattempt": "1",
        "recur_times": 0,
        "recurring": "1",
        "retry_at": null,
        "subscr_date": "2017-09-02T11:50:01Z",
        "subscr_effective": null,
        "subscr_id": "I-HRY8JJKGJ9M7",
        "username": "",
        "mp_id": null,
        "case_creation_date": null,
        "case_id": "",
        "case_type": "",
        "receipt_id": "",
        "currency_code": "USD",
        "handling_amount": "0.00",
        "transaction_subject": "",
        "ipaddress": "127.0.0.1",
        "flag": false,
        "flag_code": "",
        "flag_info": "",
        "query": "txn_type=subscr_signup&subscr_id=I-HRY8JJKGJ9M7&last_name=Gunner&residence_country=GB&mc_currency=USD&item_name=Mens+Health&business=gunnerjnr-business%40live.co.uk&amount3=4.99&recurring=1&verify_sign=A0asK6oiIZmtBFrRCq-Iiqf8lrk.AkhmxOtawDewc8bkEf9kzoS4XXqf&payer_status=verified&test_ipn=1&payer_email=gunnerjnr%40live.co.uk&first_name=David&receiver_email=gunnerjnr-business%40live.co.uk&payer_id=RFW3UDDQXWSHL&invoice=c412b330-421f-468c-a25f-980bc91c9e77&reattempt=1&subscr_date=04%3A50%3A01+Sep+02%2C+2017+PDT&custom=1-1&charset=windows-1252&notify_version=3.8&period3=1+M&mc_amount3=4.99&ipn_track_id=429f45ce796ba",
        "response": "VERIFIED",
        "created_at": "2017-09-02T11:51:12.949Z",
        "updated_at": "2017-09-02T11:51:13.085Z",
        "from_view": null
    }
},
{
    "model": "ipn.paypalipn",
    "pk": 3,
    "fields": {
        "business": "gunnerjnr-business@live.co.uk",
        "charset": "windows-1252",
        "custom": "1-1",
        "notify_version": "3.80",
        "parent_txn_id": "",
        "receiver_email": "gunnerjnr-business@live.co.uk",
        "receiver_id": "",
        "residence_country": "GB",
        "test_ipn": true,
        "txn_id": "",
        "txn_type": "subscr_signup",
        "verify_sign": "A0asK6oiIZmtBFrRCq-Iiqf8lrk.AkhmxOtawDewc8bkEf9kzoS4XXqf",
        "address_country": "",
        "address_city": "",
        "address_country_code": "",
        "address_name": "",
        "address_state": "",
        "address_status": "",
        "address_street": "",
        "address_zip": "",
        "contact_phone": "",
        "first_name": "David",
        "last_name": "Gunner",
        "payer_business_name": "",
        "payer_email": "gunnerjnr@live.co.uk",
        "payer_id": "RFW3UDDQXWSHL",
        "auth_amount": "0.00",
        "auth_exp": "",
        "auth_id": "",
        "auth_status": "",
        "exchange_rate": "0E-16",
        "invoice": "c412b330-421f-468c-a25f-980bc91c9e77",
        "item_name": "Mens Health",
        "item_number": "",
        "mc_currency": "USD",
        "mc_fee": "0.00",
        "mc_gross": "0.00",
        "mc_handling": "0.00",
        "mc_shipping": "0.00",
        "memo": "",
        "num_cart_items": 0,
        "option_name1": "",
        "option_name2": "",
        "option_selection1": "",
        "option_selection2": "",
        "payer_status": "verified",
        "payment_date": null,
        "payment_gross": "0.00",
        "payment_status": "",
        "payment_type": "",
        "pending_reason": "",
        "protection_eligibility": "",
        "quantity": 1,
        "reason_code": "",
        "remaining_settle": "0.00",
        "settle_amount": "0.00",
        "settle_currency": "",
        "shipping": "0.00",
        "shipping_method": "",
        "tax": "0.00",
        "transaction_entity": "",
        "auction_buyer_id": "",
        "auction_closing_date": null,
        "auction_multi_item": 0,
        "for_auction": "0.00",
        "amount": "0.00",
        "amount_per_cycle": "0.00",
        "initial_payment_amount": "0.00",
        "next_payment_date": null,
        "outstanding_balance": "0.00",
        "payment_cycle": "",
        "period_type": "",
        "product_name": "",
        "product_type": "",
        "profile_status": "",
        "recurring_payment_id": "",
        "rp_invoice_id": "",
        "time_created": null,
        "amount1": "0.00",
        "amount2": "0.00",
        "amount3": "4.99",
        "mc_amount1": "0.00",
        "mc_amount2": "0.00",
        "mc_amount3": "4.99",
        "password": "",
        "period1": "",
        "period2": "",
        "period3": "1 M",
        "reattempt": "1",
        "recur_times": 0,
        "recurring": "1",
        "retry_at": null,
        "subscr_date": "2017-09-02T11:50:01Z",
        "subscr_effective": null,
        "subscr_id": "I-HRY8JJKGJ9M7",
        "username": "",
        "mp_id": null,
        "case_creation_date": null,
        "case_id": "",
        "case_type": "",
        "receipt_id": "",
        "currency_code": "USD",
        "handling_amount": "0.00",
        "transaction_subject": "",
        "ipaddress": "127.0.0.1",
        "flag": false,
        "flag_code": "",
        "flag_info": "",
        "query": "txn_type=subscr_signup&subscr_id=I-HRY8JJKGJ9M7&last_name=Gunner&residence_country=GB&mc_currency=USD&item_name=Mens+Health&business=gunnerjnr-business%40live.co.uk&amount3=4.99&recurring=1&verify_sign=A0asK6oiIZmtBFrRCq-Iiqf8lrk.AkhmxOtawDewc8bkEf9kzoS4XXqf&payer_status=verified&test_ipn=1&payer_email=gunnerjnr%40live.co.uk&first_name=David&receiver_email=gunnerjnr-business%40live.co.uk&payer_id=RFW3UDDQXWSHL&invoice=c412b330-421f-468c-a25f-980bc91c9e77&reattempt=1&subscr_date=04%3A50%3A01+Sep+02%2C+2017+PDT&custom=1-1&charset=windows-1252&notify_version=3.8&period3=1+M&mc_amount3=4.99&ipn_track_id=429f45ce796ba",
        "response": "VERIFIED",
        "created_at": "2017-09-02T11:51:29.082Z",
        "updated_at": "2017-09-02T11:51:29.267Z",
        "from_view": null
    }
},
{
    "model": "ipn.paypalipn",
    "pk": 4,
    "fields": {
        "business": "gunnerjnr-business@live.co.uk",
        "charset": "windows-1252",
        "custom": "1-1",
        "notify_version": "3.80",
        "parent_txn_id": "",
        "receiver_email": "gunnerjnr-business@live.co.uk",
        "receiver_id": "",
        "residence_country": "GB",
        "test_ipn": true,
        "txn_id": "",
        "txn_type": "subscr_signup",
        "verify_sign": "A0asK6oiIZmtBFrRCq-Iiqf8lrk.AkhmxOtawDewc8bkEf9kzoS4XXqf",
        "address_country": "",
        "address_city": "",
        "address_country_code": "",
        "address_name": "",
        "address_state": "",
        "address_status": "",
        "address_street": "",
        "address_zip": "",
        "contact_phone": "",
        "first_name": "David",
        "last_name": "Gunner",
        "payer_business_name": "",
        "payer_email": "gunnerjnr@live.co.uk",
        "payer_id": "RFW3UDDQXWSHL",
        "auth_amount": "0.00",
        "auth_exp": "",
        "auth_id": "",
        "auth_status": "",
        "exchange_rate": "0E-16",
        "invoice": "c412b330-421f-468c-a25f-980bc91c9e77",
        "item_name": "Mens Health",
        "item_number": "",
        "mc_currency": "USD",
        "mc_fee": "0.00",
        "mc_gross": "0.00",
        "mc_handling": "0.00",
        "mc_shipping": "0.00",
        "memo": "",
        "num_cart_items": 0,
        "option_name1": "",
        "option_name2": "",
        "option_selection1": "",
        "option_selection2": "",
        "payer_status": "verified",
        "payment_date": null,
        "payment_gross": "0.00",
        "payment_status": "",
        "payment_type": "",
        "pending_reason": "",
        "protection_eligibility": "",
        "quantity": 1,
        "reason_code": "",
        "remaining_settle": "0.00",
        "settle_amount": "0.00",
        "settle_currency": "",
        "shipping": "0.00",
        "shipping_method": "",
        "tax": "0.00",
        "transaction_entity": "",
        "auction_buyer_id": "",
        "auction_closing_date": null,
        "auction_multi_item": 0,
        "for_auction": "0.00",
        "amount": "0.00",
        "amount_per_cycle": "0.00",
        "initial_payment_amount": "0.00",
        "next_payment_date": null,
        "outstanding_balance": "0.00",
        "payment_cycle": "",
        "period_type": "",
        "product_name": "",
        "product_type": "",
        "profile_status": "",
        "recurring_payment_id": "",
        "rp_invoice_id": "",
        "time_created": null,
        "amount1": "0.00",
        "amount2": "0.00",
        "amount3": "4.99",
        "mc_amount1": "0.00",
        "mc_amount2": "0.00",
        "mc_amount3": "4.99",
        "password": "",
        "period1": "",
        "period2": "",
        "period3": "1 M",
        "reattempt": "1",
        "recur_times": 0,
        "recurring": "1",
        "retry_at": null,
        "subscr_date": "2017-09-02T11:50:01Z",
        "subscr_effective": null,
        "subscr_id": "I-HRY8JJKGJ9M7",
        "username": "",
        "mp_id": null,
        "case_creation_date": null,
        "case_id": "",
        "case_type": "",
        "receipt_id": "",
        "currency_code": "USD",
        "handling_amount": "0.00",
        "transaction_subject": "",
        "ipaddress": "127.0.0.1",
        "flag": false,
        "flag_code": "",
        "flag_info": "",
        "query": "txn_type=subscr_signup&subscr_id=I-HRY8JJKGJ9M7&last_name=Gunner&residence_country=GB&mc_currency=USD&item_name=Mens+Health&business=gunnerjnr-business%40live.co.uk&amount3=4.99&recurring=1&verify_sign=A0asK6oiIZmtBFrRCq-Iiqf8lrk.AkhmxOtawDewc8bkEf9kzoS4XXqf&payer_status=verified&test_ipn=1&payer_email=gunnerjnr%40live.co.uk&first_name=David&receiver_email=gunnerjnr-business%40live.co.uk&payer_id=RFW3UDDQXWSHL&invoice=c412b330-421f-468c-a25f-980bc91c9e77&reattempt=1&subscr_date=04%3A50%3A01+Sep+02%2C+2017+PDT&custom=1-1&charset=windows-1252&notify_version=3.8&period3=1+M&mc_amount3=4.99&ipn_track_id=429f45ce796ba",
        "response": "VERIFIED",
        "created_at": "2017-09-02T11:51:51.599Z",
        "updated_at": "2017-09-02T11:51:51.765Z",
        "from_view": null
    }
},
{
    "model": "accounts.user",
    "pk": 1,
    "fields": {
        "password": "pbkdf2_sha256$36000$wasGSuG0mBdB$FIeu5SGKlpat2DaV3G/MKf3GKOVsXd7Vg6cJcrAxljg=",
        "last_login": "2017-09-28T14:37:18.625Z",
        "is_superuser": true,
        "username": "gunnerjnr@live.co.uk",
        "first_name": "",
        "last_name": "",
        "email": "gunnerjnr@live.co.uk",
        "is_staff": true,
        "is_active": true,
        "date_joined": "2017-08-31T23:54:42.034Z",
        "stripe_id": "",
        "subscription_end": "2017-10-31T23:54:42.034Z",
        "groups": [],
        "user_permissions": []
    }
},
{
    "model": "accounts.user",
    "pk": 2,
    "fields": {
        "password": "pbkdf2_sha256$36000$TVAHPJrB5eGe$MkgO86L9PLrTl2Cy/kKZ9CCABm0TSED5+idp8raeD7g=",
        "last_login": "2017-09-23T09:57:03.903Z",
        "is_superuser": false,
        "username": "DjWikked@aol.com",
        "first_name": "",
        "last_name": "",
        "email": "DjWikked@aol.com",
        "is_staff": false,
        "is_active": true,
        "date_joined": "2017-09-01T00:10:41.383Z",
        "stripe_id": "cus_BJg6vFTb3xzdaX",
        "subscription_end": "2017-09-29T00:10:45.141Z",
        "groups": [],
        "user_permissions": []
    }
},
{
    "model": "products.product",
    "pk": 1,
    "fields": {
        "name": "Product #1",
        "description": "This product is award winning and best sold on the market for...",
        "price": "199.99"
    }
},
{
    "model": "products.product",
    "pk": 2,
    "fields": {
        "name": "Product #2",
        "description": "All you will ever need for those everyday camping needs...",
        "price": "49.99"
    }
},
{
    "model": "products.product",
    "pk": 3,
    "fields": {
        "name": "Product #3",
        "description": "Chargers for IFruit",
        "price": "9.99"
    }
},
{
    "model": "magazines.magazine",
    "pk": 1,
    "fields": {
        "name": "Mens Health",
        "description": "Blah blah blah bleh bleh blu blu",
        "price": "4.99"
    }
},
{
    "model": "magazines.magazine",
    "pk": 2,
    "fields": {
        "name": "Linux Weekly",
        "description": "Linus has a penguin who is a cool game...",
        "price": "3.99"
    }
},
{
    "model": "magazines.magazine",
    "pk": 3,
    "fields": {
        "name": "Music Monthly",
        "description": "All the latest music charts in one magazine ...",
        "price": "4.99"
    }
},
{
    "model": "magazines.purchase",
    "pk": 1,
    "fields": {
        "user": [
            "gunnerjnr@live.co.uk"
        ],
        "magazine": 1,
        "subscription_end": "2017-09-02T11:51:12.746Z"
    }
},
{
    "model": "magazines.purchase",
    "pk": 2,
    "fields": {
        "user": [
            "gunnerjnr@live.co.uk"
        ],
        "magazine": 1,
        "subscription_end": "2017-09-30T11:51:13.178Z"
    }
},
{
    "model": "magazines.purchase",
    "pk": 3,
    "fields": {
        "user": [
            "gunnerjnr@live.co.uk"
        ],
        "magazine": 1,
        "subscription_end": "2017-09-30T11:51:29.413Z"
    }
},
{
    "model": "magazines.purchase",
    "pk": 4,
    "fields": {
        "user": [
            "gunnerjnr@live.co.uk"
        ],
        "magazine": 1,
        "subscription_end": "2017-09-30T11:51:51.949Z"
    }
},
{
    "model": "threads.subject",
    "pk": 1,
    "fields": {
        "name": "Programming",
        "description": "<p>Here you can post all your programming knowledge, and seek advice or help with programming problems. Please keep it clean.</p>"
    }
},
{
    "model": "threads.thread",
    "pk": 5,
    "fields": {
        "name": "hello world",
        "user": [
            "gunnerjnr@live.co.uk"
        ],
        "subject": 1,
        "created_at": "2017-09-12T10:43:50.335Z"
    }
},
{
    "model": "threads.thread",
    "pk": 6,
    "fields": {
        "name": "How do you like polls?",
        "user": [
            "gunnerjnr@live.co.uk"
        ],
        "subject": 1,
        "created_at": "2017-09-21T22:05:27.862Z"
    }
},
{
    "model": "threads.thread",
    "pk": 7,
    "fields": {
        "name": "Test",
        "user": [
            "gunnerjnr@live.co.uk"
        ],
        "subject": 1,
        "created_at": "2017-09-21T22:06:37.811Z"
    }
},
{
    "model": "threads.thread",
    "pk": 8,
    "fields": {
        "name": "Test",
        "user": [
            "gunnerjnr@live.co.uk"
        ],
        "subject": 1,
        "created_at": "2017-09-21T22:08:16.132Z"
    }
},
{
    "model": "threads.thread",
    "pk": 9,
    "fields": {
        "name": "Test",
        "user": [
            "gunnerjnr@live.co.uk"
        ],
        "subject": 1,
        "created_at": "2017-09-21T22:11:09.742Z"
    }
},
{
    "model": "threads.thread",
    "pk": 10,
    "fields": {
        "name": "a",
        "user": [
            "gunnerjnr@live.co.uk"
        ],
        "subject": 1,
        "created_at": "2017-09-21T22:11:38.593Z"
    }
},
{
    "model": "threads.thread",
    "pk": 11,
    "fields": {
        "name": "AA",
        "user": [
            "DjWikked@aol.com"
        ],
        "subject": 1,
        "created_at": "2017-09-21T22:17:09.539Z"
    }
},
{
    "model": "threads.thread",
    "pk": 12,
    "fields": {
        "name": "AAA",
        "user": [
            "gunnerjnr@live.co.uk"
        ],
        "subject": 1,
        "created_at": "2017-09-22T08:54:12.404Z"
    }
},
{
    "model": "threads.thread",
    "pk": 13,
    "fields": {
        "name": "Poll Test",
        "user": [
            "gunnerjnr@live.co.uk"
        ],
        "subject": 1,
        "created_at": "2017-09-23T09:32:04.088Z"
    }
},
{
    "model": "threads.thread",
    "pk": 14,
    "fields": {
        "name": "hgdhb",
        "user": [
            "DjWikked@aol.com"
        ],
        "subject": 1,
        "created_at": "2017-09-23T09:43:19.539Z"
    }
},
{
    "model": "threads.thread",
    "pk": 15,
    "fields": {
        "name": "a",
        "user": [
            "gunnerjnr@live.co.uk"
        ],
        "subject": 1,
        "created_at": "2017-09-23T09:56:45.738Z"
    }
},
{
    "model": "threads.thread",
    "pk": 16,
    "fields": {
        "name": "fdfsd",
        "user": [
            "gunnerjnr@live.co.uk"
        ],
        "subject": 1,
        "created_at": "2017-09-23T11:58:41.710Z"
    }
},
{
    "model": "threads.post",
    "pk": 6,
    "fields": {
        "thread": 5,
        "comment": "<p>hello world!</p>",
        "user": [
            "gunnerjnr@live.co.uk"
        ],
        "created_at": "2017-09-12T10:43:50.335Z"
    }
},
{
    "model": "threads.post",
    "pk": 7,
    "fields": {
        "thread": 5,
        "comment": "<p>Test Poll</p>",
        "user": [
            "gunnerjnr@live.co.uk"
        ],
        "created_at": "2017-09-21T21:17:01Z"
    }
},
{
    "model": "threads.post",
    "pk": 8,
    "fields": {
        "thread": 5,
        "comment": "<p>frgfrfrsfs</p>",
        "user": [
            "gunnerjnr@live.co.uk"
        ],
        "created_at": "2017-09-21T21:32:08.972Z"
    }
},
{
    "model": "threads.post",
    "pk": 9,
    "fields": {
        "thread": 6,
        "comment": "<p>Below is a poll to vote on how much you like polls..</p>",
        "user": [
            "gunnerjnr@live.co.uk"
        ],
        "created_at": "2017-09-21T22:05:27.862Z"
    }
},
{
    "model": "threads.post",
    "pk": 10,
    "fields": {
        "thread": 7,
        "comment": "<p>Test Content</p>",
        "user": [
            "gunnerjnr@live.co.uk"
        ],
        "created_at": "2017-09-21T22:06:37.811Z"
    }
},
{
    "model": "threads.post",
    "pk": 11,
    "fields": {
        "thread": 8,
        "comment": "<p>Test Content</p>",
        "user": [
            "gunnerjnr@live.co.uk"
        ],
        "created_at": "2017-09-21T22:08:16.132Z"
    }
},
{
    "model": "threads.post",
    "pk": 12,
    "fields": {
        "thread": 9,
        "comment": "<p>Test Content</p>",
        "user": [
            "gunnerjnr@live.co.uk"
        ],
        "created_at": "2017-09-21T22:11:09.742Z"
    }
},
{
    "model": "threads.post",
    "pk": 13,
    "fields": {
        "thread": 10,
        "comment": "<p>b</p>",
        "user": [
            "gunnerjnr@live.co.uk"
        ],
        "created_at": "2017-09-21T22:11:38.594Z"
    }
},
{
    "model": "threads.post",
    "pk": 14,
    "fields": {
        "thread": 6,
        "comment": "<p>bfdgbgfdgbhd</p>",
        "user": [
            "gunnerjnr@live.co.uk"
        ],
        "created_at": "2017-09-21T22:14:13.821Z"
    }
},
{
    "model": "threads.post",
    "pk": 15,
    "fields": {
        "thread": 6,
        "comment": "<p>gdfghgfjhfjhyfjfhjhf</p>",
        "user": [
            "gunnerjnr@live.co.uk"
        ],
        "created_at": "2017-09-21T22:14:26.376Z"
    }
},
{
    "model": "threads.post",
    "pk": 16,
    "fields": {
        "thread": 6,
        "comment": "<p>hi</p>",
        "user": [
            "DjWikked@aol.com"
        ],
        "created_at": "2017-09-21T22:15:19.593Z"
    }
},
{
    "model": "threads.post",
    "pk": 17,
    "fields": {
        "thread": 5,
        "comment": "<p>hello</p>",
        "user": [
            "DjWikked@aol.com"
        ],
        "created_at": "2017-09-21T22:15:38.040Z"
    }
},
{
    "model": "threads.post",
    "pk": 18,
    "fields": {
        "thread": 11,
        "comment": "<p>BB</p>",
        "user": [
            "DjWikked@aol.com"
        ],
        "created_at": "2017-09-21T22:17:09.539Z"
    }
},
{
    "model": "threads.post",
    "pk": 19,
    "fields": {
        "thread": 12,
        "comment": "<p>BBB</p>",
        "user": [
            "gunnerjnr@live.co.uk"
        ],
        "created_at": "2017-09-22T08:54:12.404Z"
    }
},
{
    "model": "threads.post",
    "pk": 20,
    "fields": {
        "thread": 13,
        "comment": "<p>Why is my poll style messed up ?</p>",
        "user": [
            "gunnerjnr@live.co.uk"
        ],
        "created_at": "2017-09-23T09:32:04.089Z"
    }
},
{
    "model": "threads.post",
    "pk": 21,
    "fields": {
        "thread": 14,
        "comment": "<p>bdb</p>",
        "user": [
            "DjWikked@aol.com"
        ],
        "created_at": "2017-09-23T09:43:19.540Z"
    }
},
{
    "model": "threads.post",
    "pk": 22,
    "fields": {
        "thread": 15,
        "comment": "<p>b</p>",
        "user": [
            "gunnerjnr@live.co.uk"
        ],
        "created_at": "2017-09-23T09:56:45.738Z"
    }
},
{
    "model": "threads.post",
    "pk": 23,
    "fields": {
        "thread": 16,
        "comment": "<p>gbfdd</p>",
        "user": [
            "gunnerjnr@live.co.uk"
        ],
        "created_at": "2017-09-23T11:58:41.711Z"
    }
},
{
    "model": "polls.poll",
    "pk": 1,
    "fields": {
        "question": "How much do you like polls in forums?",
        "thread": 6
    }
},
{
    "model": "polls.poll",
    "pk": 2,
    "fields": {
        "question": "Testing Poll",
        "thread": 7
    }
},
{
    "model": "polls.poll",
    "pk": 3,
    "fields": {
        "question": "Testing Poll",
        "thread": 8
    }
},
{
    "model": "polls.poll",
    "pk": 4,
    "fields": {
        "question": "Testing Poll",
        "thread": 9
    }
},
{
    "model": "polls.poll",
    "pk": 5,
    "fields": {
        "question": "c",
        "thread": 10
    }
},
{
    "model": "polls.poll",
    "pk": 6,
    "fields": {
        "question": "CC",
        "thread": 11
    }
},
{
    "model": "polls.poll",
    "pk": 7,
    "fields": {
        "question": "CCC",
        "thread": 12
    }
},
{
    "model": "polls.poll",
    "pk": 8,
    "fields": {
        "question": "Messed up poll style",
        "thread": 13
    }
},
{
    "model": "polls.poll",
    "pk": 9,
    "fields": {
        "question": "fdbggfd",
        "thread": 14
    }
},
{
    "model": "polls.poll",
    "pk": 10,
    "fields": {
        "question": "c",
        "thread": 15
    }
},
{
    "model": "polls.poll",
    "pk": 11,
    "fields": {
        "question": "gfsgf",
        "thread": 16
    }
},
{
    "model": "polls.pollsubject",
    "pk": 1,
    "fields": {
        "name": "A lot",
        "poll": 1
    }
},
{
    "model": "polls.pollsubject",
    "pk": 2,
    "fields": {
        "name": "Medium",
        "poll": 1
    }
},
{
    "model": "polls.pollsubject",
    "pk": 3,
    "fields": {
        "name": "A little",
        "poll": 1
    }
},
{
    "model": "polls.pollsubject",
    "pk": 4,
    "fields": {
        "name": "Choose A",
        "poll": 2
    }
},
{
    "model": "polls.pollsubject",
    "pk": 5,
    "fields": {
        "name": "Choose B",
        "poll": 2
    }
},
{
    "model": "polls.pollsubject",
    "pk": 6,
    "fields": {
        "name": "Choose C",
        "poll": 2
    }
},
{
    "model": "polls.pollsubject",
    "pk": 7,
    "fields": {
        "name": "Choose A",
        "poll": 3
    }
},
{
    "model": "polls.pollsubject",
    "pk": 8,
    "fields": {
        "name": "Choose B",
        "poll": 3
    }
},
{
    "model": "polls.pollsubject",
    "pk": 9,
    "fields": {
        "name": "Choose C",
        "poll": 3
    }
},
{
    "model": "polls.pollsubject",
    "pk": 10,
    "fields": {
        "name": "Choose A",
        "poll": 4
    }
},
{
    "model": "polls.pollsubject",
    "pk": 11,
    "fields": {
        "name": "Choose B",
        "poll": 4
    }
},
{
    "model": "polls.pollsubject",
    "pk": 12,
    "fields": {
        "name": "Choose C",
        "poll": 4
    }
},
{
    "model": "polls.pollsubject",
    "pk": 13,
    "fields": {
        "name": "d",
        "poll": 5
    }
},
{
    "model": "polls.pollsubject",
    "pk": 14,
    "fields": {
        "name": "e",
        "poll": 5
    }
},
{
    "model": "polls.pollsubject",
    "pk": 15,
    "fields": {
        "name": "f",
        "poll": 5
    }
},
{
    "model": "polls.pollsubject",
    "pk": 16,
    "fields": {
        "name": "DD",
        "poll": 6
    }
},
{
    "model": "polls.pollsubject",
    "pk": 17,
    "fields": {
        "name": "EE",
        "poll": 6
    }
},
{
    "model": "polls.pollsubject",
    "pk": 18,
    "fields": {
        "name": "FF",
        "poll": 6
    }
},
{
    "model": "polls.pollsubject",
    "pk": 19,
    "fields": {
        "name": "DDD",
        "poll": 7
    }
},
{
    "model": "polls.pollsubject",
    "pk": 20,
    "fields": {
        "name": "EEE",
        "poll": 7
    }
},
{
    "model": "polls.pollsubject",
    "pk": 21,
    "fields": {
        "name": "FFF",
        "poll": 7
    }
},
{
    "model": "polls.pollsubject",
    "pk": 22,
    "fields": {
        "name": "Why",
        "poll": 8
    }
},
{
    "model": "polls.pollsubject",
    "pk": 23,
    "fields": {
        "name": "doe it not",
        "poll": 8
    }
},
{
    "model": "polls.pollsubject",
    "pk": 24,
    "fields": {
        "name": "work properly",
        "poll": 8
    }
},
{
    "model": "polls.pollsubject",
    "pk": 25,
    "fields": {
        "name": "dfgbdf",
        "poll": 9
    }
},
{
    "model": "polls.pollsubject",
    "pk": 26,
    "fields": {
        "name": "ghbfdhf",
        "poll": 9
    }
},
{
    "model": "polls.pollsubject",
    "pk": 27,
    "fields": {
        "name": "hgdhd",
        "poll": 9
    }
},
{
    "model": "polls.pollsubject",
    "pk": 28,
    "fields": {
        "name": "d",
        "poll": 10
    }
},
{
    "model": "polls.pollsubject",
    "pk": 29,
    "fields": {
        "name": "e",
        "poll": 10
    }
},
{
    "model": "polls.pollsubject",
    "pk": 30,
    "fields": {
        "name": "f",
        "poll": 10
    }
},
{
    "model": "polls.pollsubject",
    "pk": 31,
    "fields": {
        "name": "fdsgf",
        "poll": 11
    }
},
{
    "model": "polls.pollsubject",
    "pk": 32,
    "fields": {
        "name": "gfdgfd",
        "poll": 11
    }
},
{
    "model": "polls.pollsubject",
    "pk": 33,
    "fields": {
        "name": "gfdgf",
        "poll": 11
    }
},
{
    "model": "polls.vote",
    "pk": 1,
    "fields": {
        "poll": 1,
        "subject": 3,
        "user": [
            "gunnerjnr@live.co.uk"
        ]
    }
},
{
    "model": "polls.vote",
    "pk": 2,
    "fields": {
        "poll": 5,
        "subject": 14,
        "user": [
            "gunnerjnr@live.co.uk"
        ]
    }
},
{
    "model": "polls.vote",
    "pk": 3,
    "fields": {
        "poll": 4,
        "subject": 12,
        "user": [
            "gunnerjnr@live.co.uk"
        ]
    }
},
{
    "model": "polls.vote",
    "pk": 4,
    "fields": {
        "poll": 1,
        "subject": 3,
        "user": [
            "DjWikked@aol.com"
        ]
    }
},
{
    "model": "polls.vote",
    "pk": 5,
    "fields": {
        "poll": 6,
        "subject": 16,
        "user": [
            "DjWikked@aol.com"
        ]
    }
},
{
    "model": "polls.vote",
    "pk": 6,
    "fields": {
        "poll": 7,
        "subject": 20,
        "user": [
            "gunnerjnr@live.co.uk"
        ]
    }
},
{
    "model": "polls.vote",
    "pk": 7,
    "fields": {
        "poll": 8,
        "subject": 24,
        "user": [
            "gunnerjnr@live.co.uk"
        ]
    }
},
{
    "model": "polls.vote",
    "pk": 8,
    "fields": {
        "poll": 8,
        "subject": 24,
        "user": [
            "DjWikked@aol.com"
        ]
    }
},
{
    "model": "polls.vote",
    "pk": 9,
    "fields": {
        "poll": 9,
        "subject": 25,
        "user": [
            "DjWikked@aol.com"
        ]
    }
},
{
    "model": "polls.vote",
    "pk": 10,
    "fields": {
        "poll": 10,
        "subject": 29,
        "user": [
            "gunnerjnr@live.co.uk"
        ]
    }
},
{
    "model": "polls.vote",
    "pk": 11,
    "fields": {
        "poll": 10,
        "subject": 29,
        "user": [
            "DjWikked@aol.com"
        ]
    }
},
{
    "model": "polls.vote",
    "pk": 12,
    "fields": {
        "poll": 11,
        "subject": 31,
        "user": [
            "gunnerjnr@live.co.uk"
        ]
    }
},
{
    "model": "reusable_blog.post",
    "pk": 1,
    "fields": {
        "author": [
            "gunnerjnr@live.co.uk"
        ],
        "title": "A blog post",
        "content": "A test post to see if the installed package with pip (reusable_blog_app) is working to display these posts.",
        "created_date": "2017-09-05T23:47:33.977Z",
        "published_date": "2017-09-05T23:47:33.985Z",
        "slug": "a-blog-post",
        "views": 0,
        "tag": null,
        "images": "img/Example_4.png"
    }
},
{
    "model": "reusable_blog.post",
    "pk": 2,
    "fields": {
        "author": [
            "gunnerjnr@live.co.uk"
        ],
        "title": "a sample post",
        "content": "lots of writing to go here",
        "created_date": "2017-09-06T13:28:41.565Z",
        "published_date": "2017-09-06T13:28:41.845Z",
        "slug": "a-sample-post",
        "views": 3,
        "tag": null,
        "images": ""
    }
},
{
    "model": "reusable_blog.post",
    "pk": 3,
    "fields": {
        "author": [
            "gunnerjnr@live.co.uk"
        ],
        "title": "fbfd",
        "content": "bdsbgdsb",
        "created_date": "2017-09-06T13:46:02.516Z",
        "published_date": "2017-09-06T13:46:02.521Z",
        "slug": "fbfd",
        "views": 0,
        "tag": null,
        "images": ""
    }
},
{
    "model": "reusable_blog.post",
    "pk": 4,
    "fields": {
        "author": [
            "gunnerjnr@live.co.uk"
        ],
        "title": "fdsgfsagfsgfs",
        "content": "gfsagfsagsagf",
        "created_date": "2017-09-06T13:55:05.084Z",
        "published_date": "2017-09-06T13:55:05.091Z",
        "slug": "fdsgfsagfsgfs",
        "views": 1,
        "tag": null,
        "images": ""
    }
},
{
    "model": "reusable_blog.post",
    "pk": 5,
    "fields": {
        "author": [
            "gunnerjnr@live.co.uk"
        ],
        "title": "vfksjbvjofsbvjfsnvas",
        "content": "vnfksvjofwnvjofnbvjofwjbvjbsjvbjfdnvjnfskjvfskbvfbhugr",
        "created_date": "2017-09-06T13:56:17.313Z",
        "published_date": "2017-09-27T08:28:57.431Z",
        "slug": "vfksjbvjofsbvjfsnvas",
        "views": 3,
        "tag": null,
        "images": "img/IMG_1036.JPG"
    }
},
{
    "model": "reusable_blog.post",
    "pk": 6,
    "fields": {
        "author": [
            "gunnerjnr@live.co.uk"
        ],
        "title": "gfhekjgbkufehghfeghiugw",
        "content": "grehiwugfiebgibrbvfebhfebvfe",
        "created_date": "2017-09-06T14:00:45.939Z",
        "published_date": "2017-09-06T14:00:45.946Z",
        "slug": "gfhekjgbkufehghfeghiugw",
        "views": 4,
        "tag": null,
        "images": ""
    }
},
{
    "model": "reusable_blog.post",
    "pk": 7,
    "fields": {
        "author": [
            "gunnerjnr@live.co.uk"
        ],
        "title": "Sample Post",
        "content": "Here is a picture and some writing on a page that we call a blog post....",
        "created_date": "2017-09-06T14:42:22.068Z",
        "published_date": "2017-09-06T14:54:29.805Z",
        "slug": "sample-post",
        "views": 6,
        "tag": null,
        "images": "img/Example_3.png"
    }
},
{
    "model": "admin.logentry",
    "pk": 1,
    "fields": {
        "action_time": "2017-08-31T23:56:42.833Z",
        "user": [
            "gunnerjnr@live.co.uk"
        ],
        "content_type": [
            "sites",
            "site"
        ],
        "object_id": "5",
        "object_repr": "localhost:8000",
        "action_flag": 1,
        "change_message": "[{\"added\": {}}]"
    }
},
{
    "model": "admin.logentry",
    "pk": 2,
    "fields": {
        "action_time": "2017-08-31T23:57:25.037Z",
        "user": [
            "gunnerjnr@live.co.uk"
        ],
        "content_type": [
            "products",
            "product"
        ],
        "object_id": "1",
        "object_repr": "Product #1",
        "action_flag": 1,
        "change_message": "[{\"added\": {}}]"
    }
},
{
    "model": "admin.logentry",
    "pk": 3,
    "fields": {
        "action_time": "2017-08-31T23:57:55.316Z",
        "user": [
            "gunnerjnr@live.co.uk"
        ],
        "content_type": [
            "products",
            "product"
        ],
        "object_id": "2",
        "object_repr": "Product #2",
        "action_flag": 1,
        "change_message": "[{\"added\": {}}]"
    }
},
{
    "model": "admin.logentry",
    "pk": 4,
    "fields": {
        "action_time": "2017-08-31T23:58:23.682Z",
        "user": [
            "gunnerjnr@live.co.uk"
        ],
        "content_type": [
            "products",
            "product"
        ],
        "object_id": "3",
        "object_repr": "Product #3",
        "action_flag": 1,
        "change_message": "[{\"added\": {}}]"
    }
},
{
    "model": "admin.logentry",
    "pk": 5,
    "fields": {
        "action_time": "2017-08-31T23:58:58.195Z",
        "user": [
            "gunnerjnr@live.co.uk"
        ],
        "content_type": [
            "magazines",
            "magazine"
        ],
        "object_id": "1",
        "object_repr": "Mens Health",
        "action_flag": 1,
        "change_message": "[{\"added\": {}}]"
    }
},
{
    "model": "admin.logentry",
    "pk": 6,
    "fields": {
        "action_time": "2017-08-31T23:59:20.297Z",
        "user": [
            "gunnerjnr@live.co.uk"
        ],
        "content_type": [
            "magazines",
            "magazine"
        ],
        "object_id": "2",
        "object_repr": "Linux Weekly",
        "action_flag": 1,
        "change_message": "[{\"added\": {}}]"
    }
},
{
    "model": "admin.logentry",
    "pk": 7,
    "fields": {
        "action_time": "2017-08-31T23:59:45.923Z",
        "user": [
            "gunnerjnr@live.co.uk"
        ],
        "content_type": [
            "magazines",
            "magazine"
        ],
        "object_id": "3",
        "object_repr": "Music Monthly",
        "action_flag": 1,
        "change_message": "[{\"added\": {}}]"
    }
},
{
    "model": "admin.logentry",
    "pk": 8,
    "fields": {
        "action_time": "2017-09-01T00:00:42.083Z",
        "user": [
            "gunnerjnr@live.co.uk"
        ],
        "content_type": [
            "flatpages",
            "flatpage"
        ],
        "object_id": "1",
        "object_repr": "/pages/about/ -- About",
        "action_flag": 1,
        "change_message": "[{\"added\": {}}]"
    }
},
{
    "model": "admin.logentry",
    "pk": 9,
    "fields": {
        "action_time": "2017-09-01T00:02:13.438Z",
        "user": [
            "gunnerjnr@live.co.uk"
        ],
        "content_type": [
            "flatpages",
            "flatpage"
        ],
        "object_id": "1",
        "object_repr": "/pages/about/ -- About Me",
        "action_flag": 2,
        "change_message": "[{\"changed\": {\"fields\": [\"title\"]}}]"
    }
},
{
    "model": "admin.logentry",
    "pk": 10,
    "fields": {
        "action_time": "2017-09-09T11:03:40.008Z",
        "user": [
            "gunnerjnr@live.co.uk"
        ],
        "content_type": [
            "threads",
            "subject"
        ],
        "object_id": "1",
        "object_repr": "Programming",
        "action_flag": 1,
        "change_message": "[{\"added\": {}}]"
    }
},
{
    "model": "admin.logentry",
    "pk": 11,
    "fields": {
        "action_time": "2017-09-09T11:29:11.744Z",
        "user": [
            "gunnerjnr@live.co.uk"
        ],
        "content_type": [
            "threads",
            "post"
        ],
        "object_id": "1",
        "object_repr": "Post object",
        "action_flag": 3,
        "change_message": ""
    }
},
{
    "model": "admin.logentry",
    "pk": 12,
    "fields": {
        "action_time": "2017-09-09T11:29:39.756Z",
        "user": [
            "gunnerjnr@live.co.uk"
        ],
        "content_type": [
            "threads",
            "thread"
        ],
        "object_id": "1",
        "object_repr": "Thread object",
        "action_flag": 3,
        "change_message": ""
    }
},
{
    "model": "admin.logentry",
    "pk": 13,
    "fields": {
        "action_time": "2017-09-12T10:09:11.189Z",
        "user": [
            "gunnerjnr@live.co.uk"
        ],
        "content_type": [
            "threads",
            "subject"
        ],
        "object_id": "2",
        "object_repr": "bgfdhnbgfnf",
        "action_flag": 1,
        "change_message": "[{\"added\": {}}]"
    }
},
{
    "model": "admin.logentry",
    "pk": 14,
    "fields": {
        "action_time": "2017-09-12T10:38:06.221Z",
        "user": [
            "gunnerjnr@live.co.uk"
        ],
        "content_type": [
            "threads",
            "subject"
        ],
        "object_id": "2",
        "object_repr": "bgfdhnbgfnf",
        "action_flag": 3,
        "change_message": ""
    }
},
{
    "model": "admin.logentry",
    "pk": 15,
    "fields": {
        "action_time": "2017-09-12T10:38:24.347Z",
        "user": [
            "gunnerjnr@live.co.uk"
        ],
        "content_type": [
            "threads",
            "thread"
        ],
        "object_id": "2",
        "object_repr": "Thread object",
        "action_flag": 3,
        "change_message": ""
    }
},
{
    "model": "admin.logentry",
    "pk": 16,
    "fields": {
        "action_time": "2017-09-21T21:17:14.984Z",
        "user": [
            "gunnerjnr@live.co.uk"
        ],
        "content_type": [
            "threads",
            "post"
        ],
        "object_id": "7",
        "object_repr": "Post object",
        "action_flag": 1,
        "change_message": "[{\"added\": {}}]"
    }
}
]
